<?xml version="1.0" encoding="UTF-8"?>
<project-private xmlns="http://www.netbeans.org/ns/project-private/1">
    <editor-bookmarks xmlns="http://www.netbeans.org/ns/editor-bookmarks/2" lastBookmarkId="0"/>
    <open-files xmlns="http://www.netbeans.org/ns/projectui-open-files/2">
        <group>
            <file>file:/C:/Users/MS%20Mthethwa/Documents/IS1%20Project/PharmaBright/src/pharmabright/Home.java</file>
            <file>file:/C:/Users/MS%20Mthethwa/Documents/IS1%20Project/PharmaBright/src/pharmabright/Profile.java</file>
            <file>file:/C:/Users/MS%20Mthethwa/Documents/IS1%20Project/PharmaBright/src/pharmabright/Admin.java</file>
            <file>file:/C:/Users/MS%20Mthethwa/Documents/IS1%20Project/PharmaBright/src/Products.txt</file>
            <file>file:/C:/Users/MS%20Mthethwa/Documents/IS1%20Project/PharmaBright/src/pharmabright/Register.java</file>
            <file>file:/C:/Users/MS%20Mthethwa/Documents/IS1%20Project/PharmaBright/src/pharmabright/Login.java</file>
        </group>
    </open-files>
</project-private>
